"0","str(brfss_2017)"
"1","tibble [450,016 Ã— 358]"
"1",""
"1"," (S3: "
"1",""
"1","tbl_df/tbl/data.frame"
"1",""
"1",")"
"1",""
"1","
"
"1"," "
"1",""
"1","$ "
"1",""
"1","_STATE  "
"1",""
"1",":"
"1"," num [1:450016] "
"1",""
"1","1 1 1 1 1 1 1 1 1 1"
"1",""
"1"," ..."
"1",""
"1","
"
"1","  .."
"1",""
"1","- attr(*, ""label"")="
"1"," chr "
"1",""
"1","""STATE FIPS CODE"""
"1",""
"1","
"
"1"," "
"1",""
"1","$ "
"1",""
"1","FMONTH  "
"1",""
"1",":"
"1"," num [1:450016] "
"1",""
"1","1 1 1 1 1 1 1 1 1 1"
"1",""
"1"," ..."
"1",""
"1","
"
"1","  .."
"1",""
"1","- attr(*, ""label"")="
"1"," chr "
"1",""
"1","""FILE MONTH"""
"1",""
"1","
"
"1"," "
"1",""
"1","$ "
"1",""
"1","IDATE   "
"1",""
"1",":"
"1"," chr [1:450016] "
"1",""
"1","""01302017"" ""01122017"" ""01102017"" ""02082017"""
"1",""
"1"," ..."
"1",""
"1","
"
"1","  .."
"1",""
"1","- attr(*, ""label"")="
"1"," chr "
"1",""
"1","""INTERVIEW DATE"""
"1",""
"1","
"
"1"," "
"1",""
"1","$ "
"1",""
"1","IMONTH  "
"1",""
"1",":"
"1"," chr [1:450016] "
"1",""
"1","""01"" ""01"" ""01"" ""02"""
"1",""
"1"," ..."
"1",""
"1","
"
"1","  .."
"1",""
"1","- attr(*, ""label"")="
"1"," chr "
"1",""
"1","""INTERVIEW MONTH"""
"1",""
"1","
"
"1"," "
"1",""
"1","$ "
"1",""
"1","IDAY    "
"1",""
"1",":"
"1"," chr [1:450016] "
"1",""
"1","""30"" ""12"" ""10"" ""08"""
"1",""
"1"," ..."
"1",""
"1","
"
"1","  .."
"1",""
"1","- attr(*, ""label"")="
"1"," chr "
"1",""
"1","""INTERVIEW DAY"""
"1",""
"1","
"
"1"," "
"1",""
"1","$ "
"1",""
"1","IYEAR   "
"1",""
"1",":"
"1"," chr [1:450016] "
"1",""
"1","""2017"" ""2017"" ""2017"" ""2017"""
"1",""
"1"," ..."
"1",""
"1","
"
"1","  .."
"1",""
"1","- attr(*, ""label"")="
"1"," chr "
"1",""
"1","""INTERVIEW YEAR"""
"1",""
"1","
"
"1"," "
"1",""
"1","$ "
"1",""
"1","DISPCODE"
"1",""
"1",":"
"1"," num [1:450016] "
"1",""
"1","1100 1100 1100 1200 1100 1100 1100 1100 1100 1100"
"1",""
"1"," ..."
"1",""
"1","
"
"1","  .."
"1",""
"1","- attr(*, ""label"")="
"1"," chr "
"1",""
"1","""FINAL DISPOSITION"""
"1",""
"1","
"
"1"," "
"1",""
"1","$ "
"1",""
"1","SEQNO   "
"1",""
"1",":"
"1"," chr [1:450016] "
"1",""
"1","""2017000001"" ""2017000002"" ""2017000003"" ""2017000004"""
"1",""
"1"," ..."
"1",""
"1","
"
"1","  .."
"1",""
"1","- attr(*, ""label"")="
"1"," chr "
"1",""
"1","""ANNUAL SEQUENCE NUMBER"""
"1",""
"1","
"
"1"," "
"1",""
"1","$ "
"1",""
"1","_PSU    "
"1",""
"1",":"
"1"," num [1:450016] "
"1",""
"1","2.02e+09 2.02e+09 2.02e+09 2.02e+09 2.02e+09"
"1",""
"1"," ..."
"1",""
"1","
"
"1","  .."
"1",""
"1","- attr(*, ""label"")="
"1"," chr "
"1",""
"1","""PRIMARY SAMPLING UNIT"""
"1",""
"1","
"
"1"," "
"1",""
"1","$ "
"1",""
"1","CTELENM1"
"1",""
"1",":"
"1"," num [1:450016] "
"1",""
"1","1 1 1 1 1 1 1 1 1 1"
"1",""
"1"," ..."
"1",""
"1","
"
"1","  .."
"1",""
"1","- attr(*, ""label"")="
"1"," chr "
"1",""
"1","""CORRECT TELEPHONE NUMBER?"""
"1",""
"1","
"
"1"," "
"1",""
"1","$ "
"1",""
"1","PVTRESD1"
"1",""
"1",":"
"1"," num [1:450016] "
"1",""
"1","1 1 1 1 1 1 1 1 1 1"
"1",""
"1"," ..."
"1",""
"1","
"
"1","  .."
"1",""
"1","- attr(*, ""label"")="
"1"," chr "
"1",""
"1","""PRIVATE RESIDENCE?"""
"1",""
"1","
"
"1"," "
"1",""
"1","$ "
"1",""
"1","COLGHOUS"
"1",""
"1",":"
"1"," num [1:450016] "
"1",""
"1","NA NA NA NA NA NA NA NA NA NA"
"1",""
"1"," ..."
"1",""
"1","
"
"1","  .."
"1",""
"1","- attr(*, ""label"")="
"1"," chr "
"1",""
"1","""DO YOU LIVE IN COLLEGE HOUSING?"""
"1",""
"1","
"
"1"," "
"1",""
"1","$ "
"1",""
"1","STATERE1"
"1",""
"1",":"
"1"," num [1:450016] "
"1",""
"1","1 1 1 1 1 1 1 1 1 1"
"1",""
"1"," ..."
"1",""
"1","
"
"1","  .."
"1",""
"1","- attr(*, ""label"")="
"1"," chr "
"1",""
"1","""RESIDENT OF STATE"""
"1",""
"1","
"
"1"," "
"1",""
"1","$ "
"1",""
"1","CELLFON4"
"1",""
"1",":"
"1"," num [1:450016] "
"1",""
"1","2 2 2 2 2 2 2 2 2 2"
"1",""
"1"," ..."
"1",""
"1","
"
"1","  .."
"1",""
"1","- attr(*, ""label"")="
"1"," chr "
"1",""
"1","""CELLULAR TELEPHONE"""
"1",""
"1","
"
"1"," "
"1",""
"1","$ "
"1",""
"1","LADULT  "
"1",""
"1",":"
"1"," num [1:450016] "
"1",""
"1","NA NA NA NA NA NA NA NA NA NA"
"1",""
"1"," ..."
"1",""
"1","
"
"1","  .."
"1",""
"1","- attr(*, ""label"")="
"1"," chr "
"1",""
"1","""ARE YOU 18 YEARS OF AGE OR OLDER?"""
"1",""
"1","
"
"1"," "
"1",""
"1","$ "
"1",""
"1","NUMADULT"
"1",""
"1",":"
"1"," num [1:450016] "
"1",""
"1","1 2 2 1 1 1 2 1 2 2"
"1",""
"1"," ..."
"1",""
"1","
"
"1","  .."
"1",""
"1","- attr(*, ""label"")="
"1"," chr "
"1",""
"1","""NUMBER OF ADULTS IN HOUSEHOLD"""
"1",""
"1","
"
"1"," "
"1",""
"1","$ "
"1",""
"1","NUMMEN  "
"1",""
"1",":"
"1"," num [1:450016] "
"1",""
"1","0 1 1 0 0 1 1 0 1 1"
"1",""
"1"," ..."
"1",""
"1","
"
"1","  .."
"1",""
"1","- attr(*, ""label"")="
"1"," chr "
"1",""
"1","""NUMBER OF ADULT MEN IN HOUSEHOLD"""
"1",""
"1","
"
"1"," "
"1",""
"1","$ "
"1",""
"1","NUMWOMEN"
"1",""
"1",":"
"1"," num [1:450016] "
"1",""
"1","1 1 1 1 1 0 1 1 1 1"
"1",""
"1"," ..."
"1",""
"1","
"
"1","  .."
"1",""
"1","- attr(*, ""label"")="
"1"," chr "
"1",""
"1","""NUMBER OF ADULT WOMEN IN HOUSEHOLD"""
"1",""
"1","
"
"1"," "
"1",""
"1","$ "
"1",""
"1","SAFETIME"
"1",""
"1",":"
"1"," num [1:450016] "
"1",""
"1","NA NA NA NA NA NA NA NA NA NA"
"1",""
"1"," ..."
"1",""
"1","
"
"1","  .."
"1",""
"1","- attr(*, ""label"")="
"1"," chr "
"1",""
"1","""SAFE TIME TO TALK?"""
"1",""
"1","
"
"1"," "
"1",""
"1","$ "
"1",""
"1","CTELNUM1"
"1",""
"1",":"
"1"," num [1:450016] "
"1",""
"1","NA NA NA NA NA NA NA NA NA NA"
"1",""
"1"," ..."
"1",""
"1","
"
"1","  .."
"1",""
"1","- attr(*, ""label"")="
"1"," chr "
"1",""
"1","""CORRECT PHONE NUMBER?"""
"1",""
"1","
"
"1"," "
"1",""
"1","$ "
"1",""
"1","CELLFON5"
"1",""
"1",":"
"1"," num [1:450016] "
"1",""
"1","NA NA NA NA NA NA NA NA NA NA"
"1",""
"1"," ..."
"1",""
"1","
"
"1","  .."
"1",""
"1","- attr(*, ""label"")="
"1"," chr "
"1",""
"1","""IS THIS A CELL TELEPHONE?"""
"1",""
"1","
"
"1"," "
"1",""
"1","$ "
"1",""
"1","CADULT  "
"1",""
"1",":"
"1"," num [1:450016] "
"1",""
"1","NA NA NA NA NA NA NA NA NA NA"
"1",""
"1"," ..."
"1",""
"1","
"
"1","  .."
"1",""
"1","- attr(*, ""label"")="
"1"," chr "
"1",""
"1","""ARE YOU 18 YEARS OF AGE OR OLDER?"""
"1",""
"1","
"
"1"," "
"1",""
"1","$ "
"1",""
"1","PVTRESD3"
"1",""
"1",":"
"1"," num [1:450016] "
"1",""
"1","NA NA NA NA NA NA NA NA NA NA"
"1",""
"1"," ..."
"1",""
"1","
"
"1","  .."
"1",""
"1","- attr(*, ""label"")="
"1"," chr "
"1",""
"1","""DO YOU LIVE IN A PRIVATE RESIDENCE?"""
"1",""
"1","
"
"1"," "
"1",""
"1","$ "
"1",""
"1","CCLGHOUS"
"1",""
"1",":"
"1"," num [1:450016] "
"1",""
"1","NA NA NA NA NA NA NA NA NA NA"
"1",""
"1"," ..."
"1",""
"1","
"
"1","  .."
"1",""
"1","- attr(*, ""label"")="
"1"," chr "
"1",""
"1","""DO YOU LIVE IN COLLEGE HOUSING?"""
"1",""
"1","
"
"1"," "
"1",""
"1","$ "
"1",""
"1","CSTATE1 "
"1",""
"1",":"
"1"," num [1:450016] "
"1",""
"1","NA NA NA NA NA NA NA NA NA NA"
"1",""
"1"," ..."
"1",""
"1","
"
"1","  .."
"1",""
"1","- attr(*, ""label"")="
"1"," chr "
"1",""
"1","""DO YOU CURRENTLY LIVE IN  ____(STATE)___"""
"1",""
"1","
"
"1"," "
"1",""
"1","$ "
"1",""
"1","LANDLINE"
"1",""
"1",":"
"1"," num [1:450016] "
"1",""
"1","NA NA NA NA NA NA NA NA NA NA"
"1",""
"1"," ..."
"1",""
"1","
"
"1","  .."
"1",""
"1","- attr(*, ""label"")="
"1"," chr "
"1",""
"1","""DO YOU ALSO HAVE A LANDLINE TELEPHONE?"""
"1",""
"1","
"
"1"," "
"1",""
"1","$ "
"1",""
"1","HHADULT "
"1",""
"1",":"
"1"," num [1:450016] "
"1",""
"1","NA NA NA NA NA NA NA NA NA NA"
"1",""
"1"," ..."
"1",""
"1","
"
"1","  .."
"1",""
"1","- attr(*, ""label"")="
"1"," chr "
"1",""
"1","""NUMBER OF ADULTS IN HOUSEHOLD"""
"1",""
"1","
"
"1"," "
"1",""
"1","$ "
"1",""
"1","GENHLTH "
"1",""
"1",":"
"1"," num [1:450016] "
"1",""
"1","2 2 3 4 4 3 3 3 3 3"
"1",""
"1"," ..."
"1",""
"1","
"
"1","  .."
"1",""
"1","- attr(*, ""label"")="
"1"," chr "
"1",""
"1","""GENERAL HEALTH"""
"1",""
"1","
"
"1"," "
"1",""
"1","$ "
"1",""
"1","PHYSHLTH"
"1",""
"1",":"
"1"," num [1:450016] "
"1",""
"1","88 88 88 88 14 6 88 88 88 2"
"1",""
"1"," ..."
"1",""
"1","
"
"1","  .."
"1",""
"1","- attr(*, ""label"")="
"1"," chr "
"1",""
"1","""NUMBER OF DAYS PHYSICAL HEALTH NOT GOOD"""
"1",""
"1","
"
"1"," "
"1",""
"1","$ "
"1",""
"1","MENTHLTH"
"1",""
"1",":"
"1"," num [1:450016] "
"1",""
"1","88 88 88 88 88 88 88 88 25 1"
"1",""
"1"," ..."
"1",""
"1","
"
"1","  .."
"1",""
"1","- attr(*, ""label"")="
"1"," chr "
"1",""
"1","""NUMBER OF DAYS MENTAL HEALTH NOT GOOD"""
"1",""
"1","
"
"1"," "
"1",""
"1","$ "
"1",""
"1","POORHLTH"
"1",""
"1",":"
"1"," num [1:450016] "
"1",""
"1","NA NA NA NA 14 88 NA NA 88 88"
"1",""
"1"," ..."
"1",""
"1","
"
"1","  .."
"1",""
"1","- attr(*, ""label"")="
"1"," chr "
"1",""
"1","""POOR PHYSICAL OR MENTAL HEALTH"""
"1",""
"1","
"
"1"," "
"1",""
"1","$ "
"1",""
"1","HLTHPLN1"
"1",""
"1",":"
"1"," num [1:450016] "
"1",""
"1","1 1 1 1 1 1 1 1 1 1"
"1",""
"1"," ..."
"1",""
"1","
"
"1","  .."
"1",""
"1","- attr(*, ""label"")="
"1"," chr "
"1",""
"1","""HAVE ANY HEALTH CARE COVERAGE"""
"1",""
"1","
"
"1"," "
"1",""
"1","$ "
"1",""
"1","PERSDOC2"
"1",""
"1",":"
"1"," num [1:450016] "
"1",""
"1","1 1 1 1 1 1 1 1 1 1"
"1",""
"1"," ..."
"1",""
"1","
"
"1","  .."
"1",""
"1","- attr(*, ""label"")="
"1"," chr "
"1",""
"1","""MULTIPLE HEALTH CARE PROFESSIONALS"""
"1",""
"1","
"
"1"," "
"1",""
"1","$ "
"1",""
"1","MEDCOST "
"1",""
"1",":"
"1"," num [1:450016] "
"1",""
"1","2 2 2 2 2 2 2 2 2 2"
"1",""
"1"," ..."
"1",""
"1","
"
"1","  .."
"1",""
"1","- attr(*, ""label"")="
"1"," chr "
"1",""
"1","""COULD NOT SEE DR. BECAUSE OF COST"""
"1",""
"1","
"
"1"," "
"1",""
"1","$ "
"1",""
"1","CHECKUP1"
"1",""
"1",":"
"1"," num [1:450016] "
"1",""
"1","2 1 1 1 1 1 1 1 1 1"
"1",""
"1"," ..."
"1",""
"1","
"
"1","  .."
"1",""
"1","- attr(*, ""label"")="
"1"," chr "
"1",""
"1","""LENGTH OF TIME SINCE LAST ROUTINE CHECKU"""
"1",""
"1","
"
"1"," "
"1",""
"1","$ "
"1",""
"1","BPHIGH4 "
"1",""
"1",":"
"1"," num [1:450016] "
"1",""
"1","1 1 3 1 3 1 3 1 3 1"
"1",""
"1"," ..."
"1",""
"1","
"
"1","  .."
"1",""
"1","- attr(*, ""label"")="
"1"," chr "
"1",""
"1","""EVER TOLD BLOOD PRESSURE HIGH"""
"1",""
"1","
"
"1"," "
"1",""
"1","$ "
"1",""
"1","BPMEDS  "
"1",""
"1",":"
"1"," num [1:450016] "
"1",""
"1","1 1 NA 1 NA 1 NA 1 NA 1"
"1",""
"1"," ..."
"1",""
"1","
"
"1","  .."
"1",""
"1","- attr(*, ""label"")="
"1"," chr "
"1",""
"1","""CURRENTLY TAKING BLOOD PRESSURE MEDICATI"""
"1",""
"1","
"
"1"," "
"1",""
"1","$ "
"1",""
"1","CHOLCHK1"
"1",""
"1",":"
"1"," num [1:450016] "
"1",""
"1","2 2 2 2 2 2 2 2 2 2"
"1",""
"1"," ..."
"1",""
"1","
"
"1","  .."
"1",""
"1","- attr(*, ""label"")="
"1"," chr "
"1",""
"1","""HOW LONG SINCE CHOLESTEROL CHECKED"""
"1",""
"1","
"
"1"," "
"1",""
"1","$ "
"1",""
"1","TOLDHI2 "
"1",""
"1",":"
"1"," num [1:450016] "
"1",""
"1","1 2 1 1 2 2 2 1 2 2"
"1",""
"1"," ..."
"1",""
"1","
"
"1","  .."
"1",""
"1","- attr(*, ""label"")="
"1"," chr "
"1",""
"1","""EVER TOLD BLOOD CHOLESTEROL HIGH"""
"1",""
"1","
"
"1"," "
"1",""
"1","$ "
"1",""
"1","CHOLMED1"
"1",""
"1",":"
"1"," num [1:450016] "
"1",""
"1","1 NA 1 2 NA NA NA 1 NA NA"
"1",""
"1"," ..."
"1",""
"1","
"
"1","  .."
"1",""
"1","- attr(*, ""label"")="
"1"," chr "
"1",""
"1","""CURRENTLY TAKING MEDICINE FOR HIGH CHOLE"""
"1",""
"1","
"
"1"," "
"1",""
"1","$ "
"1",""
"1","CVDINFR4"
"1",""
"1",":"
"1"," num [1:450016] "
"1",""
"1","2 2 2 2 2 1 2 2 2 2"
"1",""
"1"," ..."
"1",""
"1","
"
"1","  .."
"1",""
"1","- attr(*, ""label"")="
"1"," chr "
"1",""
"1","""EVER DIAGNOSED WITH HEART ATTACK"""
"1",""
"1","
"
"1"," "
"1",""
"1","$ "
"1",""
"1","CVDCRHD4"
"1",""
"1",":"
"1"," num [1:450016] "
"1",""
"1","2 2 2 2 2 2 2 2 2 2"
"1",""
"1"," ..."
"1",""
"1","
"
"1","  .."
"1",""
"1","- attr(*, ""label"")="
"1"," chr "
"1",""
"1","""EVER DIAGNOSED WITH ANGINA OR CORONARY H"""
"1",""
"1","
"
"1"," "
"1",""
"1","$ "
"1",""
"1","CVDSTRK3"
"1",""
"1",":"
"1"," num [1:450016] "
"1",""
"1","2 2 2 2 2 2 2 2 2 2"
"1",""
"1"," ..."
"1",""
"1","
"
"1","  .."
"1",""
"1","- attr(*, ""label"")="
"1"," chr "
"1",""
"1","""EVER DIAGNOSED WITH A STROKE"""
"1",""
"1","
"
"1"," "
"1",""
"1","$ "
"1",""
"1","ASTHMA3 "
"1",""
"1",":"
"1"," num [1:450016] "
"1",""
"1","2 2 2 2 1 2 2 2 2 2"
"1",""
"1"," ..."
"1",""
"1","
"
"1","  .."
"1",""
"1","- attr(*, ""label"")="
"1"," chr "
"1",""
"1","""EVER TOLD HAD ASTHMA"""
"1",""
"1","
"
"1"," "
"1",""
"1","$ "
"1",""
"1","ASTHNOW "
"1",""
"1",":"
"1"," num [1:450016] "
"1",""
"1","NA NA NA NA 1 NA NA NA NA NA"
"1",""
"1"," ..."
"1",""
"1","
"
"1","  .."
"1",""
"1","- attr(*, ""label"")="
"1"," chr "
"1",""
"1","""STILL HAVE ASTHMA"""
"1",""
"1","
"
"1"," "
"1",""
"1","$ "
"1",""
"1","CHCSCNCR"
"1",""
"1",":"
"1"," num [1:450016] "
"1",""
"1","2 2 2 1 2 2 2 2 2 2"
"1",""
"1"," ..."
"1",""
"1","
"
"1","  .."
"1",""
"1","- attr(*, ""label"")="
"1"," chr "
"1",""
"1","""(EVER TOLD) YOU HAD SKIN CANCER?"""
"1",""
"1","
"
"1"," "
"1",""
"1","$ "
"1",""
"1","CHCOCNCR"
"1",""
"1",":"
"1"," num [1:450016] "
"1",""
"1","2 2 2 2 2 2 1 2 2 2"
"1",""
"1"," ..."
"1",""
"1","
"
"1","  .."
"1",""
"1","- attr(*, ""label"")="
"1"," chr "
"1",""
"1","""(EVER TOLD) YOU HAD ANY OTHER TYPES OF C"""
"1",""
"1","
"
"1"," "
"1",""
"1","$ "
"1",""
"1","CHCCOPD1"
"1",""
"1",":"
"1"," num [1:450016] "
"1",""
"1","2 2 2 1 1 2 2 2 2 2"
"1",""
"1"," ..."
"1",""
"1","
"
"1","  .."
"1",""
"1","- attr(*, ""label"")="
"1"," chr "
"1",""
"1","""(EVER TOLD) YOU HAVE (COPD) CHRONIC OBST"""
"1",""
"1","
"
"1"," "
"1",""
"1","$ "
"1",""
"1","HAVARTH3"
"1",""
"1",":"
"1"," num [1:450016] "
"1",""
"1","1 2 2 2 2 2 1 2 1 2"
"1",""
"1"," ..."
"1",""
"1","
"
"1","  .."
"1",""
"1","- attr(*, ""label"")="
"1"," chr "
"1",""
"1","""TOLD HAVE ARTHRITIS"""
"1",""
"1","
"
"1"," "
"1",""
"1","$ "
"1",""
"1","ADDEPEV2"
"1",""
"1",":"
"1"," num [1:450016] "
"1",""
"1","2 2 2 1 2 2 2 2 1 2"
"1",""
"1"," ..."
"1",""
"1","
"
"1","  .."
"1",""
"1","- attr(*, ""label"")="
"1"," chr "
"1",""
"1","""EVER TOLD YOU HAD A DEPRESSIVE DISORDER"""
"1",""
"1","
"
"1"," "
"1",""
"1","$ "
"1",""
"1","CHCKIDNY"
"1",""
"1",":"
"1"," num [1:450016] "
"1",""
"1","2 2 2 2 2 2 2 2 2 2"
"1",""
"1"," ..."
"1",""
"1","
"
"1","  .."
"1",""
"1","- attr(*, ""label"")="
"1"," chr "
"1",""
"1","""(EVER TOLD) YOU HAVE KIDNEY DISEASE?"""
"1",""
"1","
"
"1"," "
"1",""
"1","$ "
"1",""
"1","DIABETE3"
"1",""
"1",":"
"1"," num [1:450016] "
"1",""
"1","1 3 3 1 3 3 3 3 3 3"
"1",""
"1"," ..."
"1",""
"1","
"
"1","  .."
"1",""
"1","- attr(*, ""label"")="
"1"," chr "
"1",""
"1","""(EVER TOLD) YOU HAVE DIABETES"""
"1",""
"1","
"
"1"," "
"1",""
"1","$ "
"1",""
"1","DIABAGE2"
"1",""
"1",":"
"1"," num [1:450016] "
"1",""
"1","68 NA NA 73 NA NA NA NA NA NA"
"1",""
"1"," ..."
"1",""
"1","
"
"1","  .."
"1",""
"1","- attr(*, ""label"")="
"1"," chr "
"1",""
"1","""AGE WHEN TOLD DIABETIC"""
"1",""
"1","
"
"1"," "
"1",""
"1","$ "
"1",""
"1","LMTJOIN3"
"1",""
"1",":"
"1"," num [1:450016] "
"1",""
"1","2 NA NA NA NA NA 2 NA 1 NA"
"1",""
"1"," ..."
"1",""
"1","
"
"1","  .."
"1",""
"1","- attr(*, ""label"")="
"1"," chr "
"1",""
"1","""LIMITED BECAUSE OF JOINT SYMPTOMS"""
"1",""
"1","
"
"1"," "
"1",""
"1","$ "
"1",""
"1","ARTHDIS2"
"1",""
"1",":"
"1"," num [1:450016] "
"1",""
"1","2 NA NA NA NA NA 2 NA 2 NA"
"1",""
"1"," ..."
"1",""
"1","
"
"1","  .."
"1",""
"1","- attr(*, ""label"")="
"1"," chr "
"1",""
"1","""DOES ARTHRITIS AFFECT WHETHER YOU WORK"""
"1",""
"1","
"
"1"," "
"1",""
"1","$ "
"1",""
"1","ARTHSOCL"
"1",""
"1",":"
"1"," num [1:450016] "
"1",""
"1","3 NA NA NA NA NA 3 NA 1 NA"
"1",""
"1"," ..."
"1",""
"1","
"
"1","  .."
"1",""
"1","- attr(*, ""label"")="
"1"," chr "
"1",""
"1","""SOCIAL ACTIVITIES LIMITED BECAUSE OF JOI"""
"1",""
"1","
"
"1"," "
"1",""
"1","$ "
"1",""
"1","JOINPAI1"
"1",""
"1",":"
"1"," num [1:450016] "
"1",""
"1","2 NA NA NA NA NA 2 NA 9 NA"
"1",""
"1"," ..."
"1",""
"1","
"
"1","  .."
"1",""
"1","- attr(*, ""label"")="
"1"," chr "
"1",""
"1","""HOW BAD WAS JOINT PAIN"""
"1",""
"1","
"
"1"," "
"1",""
"1","$ "
"1",""
"1","SEX     "
"1",""
"1",":"
"1"," num [1:450016] "
"1",""
"1","2 1 1 2 2 1 1 2 1 1"
"1",""
"1"," ..."
"1",""
"1","
"
"1","  .."
"1",""
"1","- attr(*, ""label"")="
"1"," chr "
"1",""
"1","""RESPONDENTS SEX"""
"1",""
"1","
"
"1"," "
"1",""
"1","$ "
"1",""
"1","MARITAL "
"1",""
"1",":"
"1"," num [1:450016] "
"1",""
"1","3 1 1 3 3 3 1 2 1 2"
"1",""
"1"," ..."
"1",""
"1","
"
"1","  .."
"1",""
"1","- attr(*, ""label"")="
"1"," chr "
"1",""
"1","""MARITAL STATUS"""
"1",""
"1","
"
"1"," "
"1",""
"1","$ "
"1",""
"1","EDUCA   "
"1",""
"1",":"
"1"," num [1:450016] "
"1",""
"1","6 6 2 3 2 4 5 4 4 4"
"1",""
"1"," ..."
"1",""
"1","
"
"1","  .."
"1",""
"1","- attr(*, ""label"")="
"1"," chr "
"1",""
"1","""EDUCATION LEVEL"""
"1",""
"1","
"
"1"," "
"1",""
"1","$ "
"1",""
"1","RENTHOM1"
"1",""
"1",":"
"1"," num [1:450016] "
"1",""
"1","1 1 1 1 2 1 1 1 1 1"
"1",""
"1"," ..."
"1",""
"1","
"
"1","  .."
"1",""
"1","- attr(*, ""label"")="
"1"," chr "
"1",""
"1","""OWN OR RENT HOME"""
"1",""
"1","
"
"1"," "
"1",""
"1","$ "
"1",""
"1","NUMHHOL2"
"1",""
"1",":"
"1"," num [1:450016] "
"1",""
"1","2 1 2 2 2 2 2 2 2 2"
"1",""
"1"," ..."
"1",""
"1","
"
"1","  .."
"1",""
"1","- attr(*, ""label"")="
"1"," chr "
"1",""
"1","""HOUSEHOLD TELEPHONES"""
"1",""
"1","
"
"1"," "
"1",""
"1","$ "
"1",""
"1","NUMPHON2"
"1",""
"1",":"
"1"," num [1:450016] "
"1",""
"1","NA 2 NA NA NA NA NA NA NA NA"
"1",""
"1"," ..."
"1",""
"1","
"
"1","  .."
"1",""
"1","- attr(*, ""label"")="
"1"," chr "
"1",""
"1","""RESIDENTIAL PHONES"""
"1",""
"1","
"
"1"," "
"1",""
"1","$ "
"1",""
"1","CPDEMO1A"
"1",""
"1",":"
"1"," num [1:450016] "
"1",""
"1","1 1 1 1 2 2 1 2 1 2"
"1",""
"1"," ..."
"1",""
"1","
"
"1","  .."
"1",""
"1","- attr(*, ""label"")="
"1"," chr "
"1",""
"1","""DO YOU HAVE A CELL PHONE FOR PERSONAL US"""
"1",""
"1","
"
"1"," "
"1",""
"1","$ "
"1",""
"1","VETERAN3"
"1",""
"1",":"
"1"," num [1:450016] "
"1",""
"1","1 2 2 2 2 1 2 2 1 2"
"1",""
"1"," ..."
"1",""
"1","
"
"1","  .."
"1",""
"1","- attr(*, ""label"")="
"1"," chr "
"1",""
"1","""ARE YOU A VETERAN"""
"1",""
"1","
"
"1"," "
"1",""
"1","$ "
"1",""
"1","EMPLOY1 "
"1",""
"1",":"
"1"," num [1:450016] "
"1",""
"1","7 7 7 7 8 8 7 7 7 1"
"1",""
"1"," ..."
"1",""
"1","
"
"1","  .."
"1",""
"1","- attr(*, ""label"")="
"1"," chr "
"1",""
"1","""EMPLOYMENT STATUS"""
"1",""
"1","
"
"1"," "
"1",""
"1","$ "
"1",""
"1","CHILDREN"
"1",""
"1",":"
"1"," num [1:450016] "
"1",""
"1","88 88 88 88 88 88 88 88 88 1"
"1",""
"1"," ..."
"1",""
"1","
"
"1","  .."
"1",""
"1","- attr(*, ""label"")="
"1"," chr "
"1",""
"1","""NUMBER OF CHILDREN IN HOUSEHOLD"""
"1",""
"1","
"
"1"," "
"1",""
"1","$ "
"1",""
"1","INCOME2 "
"1",""
"1",":"
"1"," num [1:450016] "
"1",""
"1","6 8 99 1 2 4 8 99 5 6"
"1",""
"1"," ..."
"1",""
"1","
"
"1","  .."
"1",""
"1","- attr(*, ""label"")="
"1"," chr "
"1",""
"1","""INCOME LEVEL"""
"1",""
"1","
"
"1"," "
"1",""
"1","$ "
"1",""
"1","INTERNET"
"1",""
"1",":"
"1"," num [1:450016] "
"1",""
"1","1 1 2 2 2 2 1 2 2 1"
"1",""
"1"," ..."
"1",""
"1","
"
"1","  .."
"1",""
"1","- attr(*, ""label"")="
"1"," chr "
"1",""
"1","""INTERNET USE IN THE PAST 30 DAYS?"""
"1",""
"1","
"
"1"," "
"1",""
"1","$ "
"1",""
"1","WEIGHT2 "
"1",""
"1",":"
"1"," num [1:450016] "
"1",""
"1","162 211 195 170 140"
"1",""
"1"," ..."
"1",""
"1","
"
"1","  .."
"1",""
"1","- attr(*, ""label"")="
"1"," chr "
"1",""
"1","""REPORTED WEIGHT IN POUNDS"""
"1",""
"1","
"
"1"," "
"1",""
"1","$ "
"1",""
"1","HEIGHT3 "
"1",""
"1",":"
"1"," num [1:450016] "
"1",""
"1","505 511 602 507 505 511 509 502 510 600"
"1",""
"1"," ..."
"1",""
"1","
"
"1","  .."
"1",""
"1","- attr(*, ""label"")="
"1"," chr "
"1",""
"1","""REPORTED HEIGHT IN FEET AND INCHES"""
"1",""
"1","
"
"1"," "
"1",""
"1","$ "
"1",""
"1","PREGNANT"
"1",""
"1",":"
"1"," num [1:450016] "
"1",""
"1","NA NA NA NA NA NA NA NA NA NA"
"1",""
"1"," ..."
"1",""
"1","
"
"1","  .."
"1",""
"1","- attr(*, ""label"")="
"1"," chr "
"1",""
"1","""PREGNANCY STATUS"""
"1",""
"1","
"
"1"," "
"1",""
"1","$ "
"1",""
"1","DEAF    "
"1",""
"1",":"
"1"," num [1:450016] "
"1",""
"1","1 2 2 2 2 2 2 1 1 2"
"1",""
"1"," ..."
"1",""
"1","
"
"1","  .."
"1",""
"1","- attr(*, ""label"")="
"1"," chr "
"1",""
"1","""ARE YOU DEAF OR DO YOU HAVE SERIOUS DIFF"""
"1",""
"1","
"
"1"," "
"1",""
"1","$ "
"1",""
"1","BLIND   "
"1",""
"1",":"
"1"," num [1:450016] "
"1",""
"1","2 2 2 2 2 2 2 2 2 2"
"1",""
"1"," ..."
"1",""
"1","
"
"1","  .."
"1",""
"1","- attr(*, ""label"")="
"1"," chr "
"1",""
"1","""BLIND OR DIFFICULTY SEEING"""
"1",""
"1","
"
"1"," "
"1",""
"1","$ "
"1",""
"1","DECIDE  "
"1",""
"1",":"
"1"," num [1:450016] "
"1",""
"1","2 2 2 1 2 1 2 2 1 2"
"1",""
"1"," ..."
"1",""
"1","
"
"1","  .."
"1",""
"1","- attr(*, ""label"")="
"1"," chr "
"1",""
"1","""DIFFICULTY CONCENTRATING OR REMEMBERING"""
"1",""
"1","
"
"1"," "
"1",""
"1","$ "
"1",""
"1","DIFFWALK"
"1",""
"1",":"
"1"," num [1:450016] "
"1",""
"1","1 2 2 2 2 2 2 2 2 2"
"1",""
"1"," ..."
"1",""
"1","
"
"1","  .."
"1",""
"1","- attr(*, ""label"")="
"1"," chr "
"1",""
"1","""DIFFICULTY WALKING OR CLIMBING STAIRS"""
"1",""
"1","
"
"1"," "
"1",""
"1","$ "
"1",""
"1","DIFFDRES"
"1",""
"1",":"
"1"," num [1:450016] "
"1",""
"1","2 2 2 2 2 2 2 2 2 2"
"1",""
"1"," ..."
"1",""
"1","
"
"1","  .."
"1",""
"1","- attr(*, ""label"")="
"1"," chr "
"1",""
"1","""DIFFICULTY DRESSING OR BATHING"""
"1",""
"1","
"
"1"," "
"1",""
"1","$ "
"1",""
"1","DIFFALON"
"1",""
"1",":"
"1"," num [1:450016] "
"1",""
"1","2 2 2 2 2 2 2 2 1 2"
"1",""
"1"," ..."
"1",""
"1","
"
"1","  .."
"1",""
"1","- attr(*, ""label"")="
"1"," chr "
"1",""
"1","""DIFFICULTY DOING ERRANDS ALONE"""
"1",""
"1","
"
"1"," "
"1",""
"1","$ "
"1",""
"1","SMOKE100"
"1",""
"1",":"
"1"," num [1:450016] "
"1",""
"1","2 2 2 2 1 1 2 2 1 1"
"1",""
"1"," ..."
"1",""
"1","
"
"1","  .."
"1",""
"1","- attr(*, ""label"")="
"1"," chr "
"1",""
"1","""SMOKED AT LEAST 100 CIGARETTES"""
"1",""
"1","
"
"1"," "
"1",""
"1","$ "
"1",""
"1","SMOKDAY2"
"1",""
"1",":"
"1"," num [1:450016] "
"1",""
"1","NA NA NA NA 3 1 NA NA 3 3"
"1",""
"1"," ..."
"1",""
"1","
"
"1","  .."
"1",""
"1","- attr(*, ""label"")="
"1"," chr "
"1",""
"1","""FREQUENCY OF DAYS NOW SMOKING"""
"1",""
"1","
"
"1"," "
"1",""
"1","$ "
"1",""
"1","STOPSMK2"
"1",""
"1",":"
"1"," num [1:450016] "
"1",""
"1","NA NA NA NA NA 2 NA NA NA NA"
"1",""
"1"," ..."
"1",""
"1","
"
"1","  .."
"1",""
"1","- attr(*, ""label"")="
"1"," chr "
"1",""
"1","""STOPPED SMOKING IN PAST 12 MONTHS"""
"1",""
"1","
"
"1"," "
"1",""
"1","$ "
"1",""
"1","LASTSMK2"
"1",""
"1",":"
"1"," num [1:450016] "
"1",""
"1","NA NA NA NA 1 NA NA NA 5 5"
"1",""
"1"," ..."
"1",""
"1","
"
"1","  .."
"1",""
"1","- attr(*, ""label"")="
"1"," chr "
"1",""
"1","""INTERVAL SINCE LAST SMOKED"""
"1",""
"1","
"
"1"," "
"1",""
"1","$ "
"1",""
"1","USENOW3 "
"1",""
"1",":"
"1"," num [1:450016] "
"1",""
"1","3 3 3 3 3 3 3 3 3 3"
"1",""
"1"," ..."
"1",""
"1","
"
"1","  .."
"1",""
"1","- attr(*, ""label"")="
"1"," chr "
"1",""
"1","""USE OF SMOKELESS TOBACCO PRODUCTS"""
"1",""
"1","
"
"1"," "
"1",""
"1","$ "
"1",""
"1","ECIGARET"
"1",""
"1",":"
"1"," num [1:450016] "
"1",""
"1","2 2 2 2 2 2 2 2 2 2"
"1",""
"1"," ..."
"1",""
"1","
"
"1","  .."
"1",""
"1","- attr(*, ""label"")="
"1"," chr "
"1",""
"1","""HAVE YOU EVER USED AN E-CIGARETTE OR OTH"""
"1",""
"1","
"
"1"," "
"1",""
"1","$ "
"1",""
"1","ECIGNOW "
"1",""
"1",":"
"1"," num [1:450016] "
"1",""
"1","NA NA NA NA NA NA NA NA NA NA"
"1",""
"1"," ..."
"1",""
"1","
"
"1","  .."
"1",""
"1","- attr(*, ""label"")="
"1"," chr "
"1",""
"1","""DO YOU NOW USE E-CIGARETTES, EVERY DAY,"""
"1",""
"1","
"
"1"," "
"1",""
"1","$ "
"1",""
"1","ALCDAY5 "
"1",""
"1",":"
"1"," num [1:450016] "
"1",""
"1","888 888 101 888 888 102 888 888 888 103"
"1",""
"1"," ..."
"1",""
"1","
"
"1","  .."
"1",""
"1","- attr(*, ""label"")="
"1"," chr "
"1",""
"1","""DAYS IN PAST 30 HAD ALCOHOLIC BEVERAGE"""
"1",""
"1","
"
"1"," "
"1",""
"1","$ "
"1",""
"1","AVEDRNK2"
"1",""
"1",":"
"1"," num [1:450016] "
"1",""
"1","NA NA 1 NA NA 3 NA NA NA 2"
"1",""
"1"," ..."
"1",""
"1","
"
"1","  .."
"1",""
"1","- attr(*, ""label"")="
"1"," chr "
"1",""
"1","""AVG ALCOHOLIC DRINKS PER DAY IN PAST 30"""
"1",""
"1","
"
"1"," "
"1",""
"1","$ "
"1",""
"1","DRNK3GE5"
"1",""
"1",":"
"1"," num [1:450016] "
"1",""
"1","NA NA 88 NA NA 88 NA NA NA 88"
"1",""
"1"," ..."
"1",""
"1","
"
"1","  .."
"1",""
"1","- attr(*, ""label"")="
"1"," chr "
"1",""
"1","""BINGE DRINKING"""
"1",""
"1","
"
"1"," "
"1",""
"1","$ "
"1",""
"1","MAXDRNKS"
"1",""
"1",":"
"1"," num [1:450016] "
"1",""
"1","NA NA 1 NA NA 3 NA NA NA 3"
"1",""
"1"," ..."
"1",""
"1","
"
"1","  .."
"1",""
"1","- attr(*, ""label"")="
"1"," chr "
"1",""
"1","""MOST DRINKS ON SINGLE OCCASION PAST 30 D"""
"1",""
"1","
"
"1"," "
"1",""
"1","$ "
"1",""
"1","FRUIT2  "
"1",""
"1",":"
"1"," num [1:450016] "
"1",""
"1","102 103 202 301 101 300 303 103 310 107"
"1",""
"1"," ..."
"1",""
"1","
"
"1","  .."
"1",""
"1","- attr(*, ""label"")="
"1"," chr "
"1",""
"1","""HOW MANY TIMES DID YOU EAT FRUIT?"""
"1",""
"1","
"
"1"," "
"1",""
"1","$ "
"1",""
"1","FRUITJU2"
"1",""
"1",":"
"1"," num [1:450016] "
"1",""
"1","555 555 302 555 202 302 104 555 303 105"
"1",""
"1"," ..."
"1",""
"1","
"
"1","  .."
"1",""
"1","- attr(*, ""label"")="
"1"," chr "
"1",""
"1","""HOW MANY TIMES DID YOU DRINK 100 PERCENT"""
"1",""
"1","
"
"1"," "
"1",""
"1","$ "
"1",""
"1","FVGREEN1"
"1",""
"1",":"
"1"," num [1:450016] "
"1",""
"1","203 101 201 NA 201 202 303 202 555 207"
"1",""
"1"," ..."
"1",""
"1","
"
"1","  .."
"1",""
"1","- attr(*, ""label"")="
"1"," chr "
"1",""
"1","""HOW MANY TIMES DID YOU EAT DARK GREEN VE"""
"1",""
"1","
"
"1"," "
"1",""
"1","$ "
"1",""
"1","FRENCHF1"
"1",""
"1",":"
"1"," num [1:450016] "
"1",""
"1","201 555 202 NA 303 201 303 301 212 103"
"1",""
"1"," ..."
"1",""
"1","
"
"1","  .."
"1",""
"1","- attr(*, ""label"")="
"1"," chr "
"1",""
"1","""HOW OFTEN DO YOU EAT FRENCH FRIES OR FRI"""
"1",""
"1","
"
"1"," "
"1",""
"1","$ "
"1",""
"1","POTATOE1"
"1",""
"1",":"
"1"," num [1:450016] "
"1",""
"1","201 555 555 NA 201 203 303 202 303 306"
"1",""
"1"," ..."
"1",""
"1","
"
"1","  .."
"1",""
"1","- attr(*, ""label"")="
"1"," chr "
"1",""
"1","""HOW OFTEN DO YOU EAT FRENCH FRIES OR FRI"""
"1",""
"1","
"
"1"," "
"1",""
"1","$ "
"1",""
"1","VEGETAB2"
"1",""
"1",":"
"1"," num [1:450016] "
"1",""
"1","101 101 201 NA 303 101 105 203 310 107"
"1",""
"1"," ..."
"1",""
"1","
"
"1","  .."
"1",""
"1","- attr(*, ""label"")="
"1"," chr "
"1",""
"1","""HOW OFTEN DO YOU EAT FRENCH FRIES OR FRI"""
"1",""
"1","
"
"1"," "
"1",""
"1","$ "
"1",""
"1","EXERANY2"
"1",""
"1",":"
"1"," num [1:450016] "
"1",""
"1","1 1 2 NA 2 1 2 1 2 1"
"1",""
"1"," ..."
"1",""
"1","
"
"1","  .."
"1",""
"1","- attr(*, ""label"")="
"1"," chr "
"1",""
"1","""EXERCISE IN PAST 30 DAYS"""
"1",""
"1","
"
"1"," "
"1",""
"1","$ "
"1",""
"1","EXRACT11"
"1",""
"1",":"
"1"," num [1:450016] "
"1",""
"1","6 34 NA NA NA 64 NA 64 NA 64"
"1",""
"1"," ..."
"1",""
"1","
"
"1","  .."
"1",""
"1","- attr(*, ""label"")="
"1"," chr "
"1",""
"1","""TYPE OF PHYSICAL ACTIVITY"""
"1",""
"1","
"
"1"," "
"1",""
"1","$ "
"1",""
"1","EXEROFT1"
"1",""
"1",":"
"1"," num [1:450016] "
"1",""
"1","103 102 NA NA NA 102 NA 103 NA 230"
"1",""
"1"," ..."
"1",""
"1","
"
"1","  .."
"1",""
"1","- attr(*, ""label"")="
"1"," chr "
"1",""
"1","""HOW MANY TIMES WALKING, RUNNING, JOGGING"""
"1",""
"1","
"
"1"," "
"1",""
"1","$ "
"1",""
"1","EXERHMM1"
"1",""
"1",":"
"1"," num [1:450016] "
"1",""
"1","30 100 NA NA NA 30 NA 30 NA 100"
"1",""
"1"," ..."
"1",""
"1","
"
"1","  .."
"1",""
"1","- attr(*, ""label"")="
"1"," chr "
"1",""
"1","""MINUTES OR HOURS WALKING, RUNNING, JOGGI"""
"1",""
"1","
"
"1"," "
"1"," "
"1","[list output truncated]
"
"0","summary(brfss_2017)"
"1",""
"1","     _STATE     "
"1","     FMONTH      "
"1","    IDATE          "
"1","    IMONTH         "
"1","     IDAY          "
"1","    IYEAR          "
"1","    DISPCODE   "
"1","
"
"1"," Min.   : 1.00  "
"1"," Min.   : 1.000  "
"1"," Length:450016     "
"1"," Length:450016     "
"1"," Length:450016     "
"1"," Length:450016     "
"1"," Min.   :1100  "
"1","
"
"1"," 1st Qu.:17.00  "
"1"," 1st Qu.: 4.000  "
"1"," Class :character  "
"1"," Class :character  "
"1"," Class :character  "
"1"," Class :character  "
"1"," 1st Qu.:1100  "
"1","
"
"1",""
"1","    SEQNO          "
"1","      _PSU          "
"1","    CTELENM1     "
"1","    PVTRESD1     "
"1","    COLGHOUS     "
"1","    STATERE1     "
"1","    CELLFON4     "
"1","     LADULT      "
"1","
"
"1"," Length:450016     "
"1"," Min.   :2.017e+09  "
"1"," Min.   :1       "
"1"," Min.   :1       "
"1"," Min.   :1       "
"1"," Min.   :1       "
"1"," Min.   :1.00    "
"1"," Min.   :1.0     "
"1","
"
"1"," Class :character  "
"1"," 1st Qu.:2.017e+09  "
"1"," 1st Qu.:1       "
"1"," 1st Qu.:1       "
"1"," 1st Qu.:1       "
"1"," 1st Qu.:1       "
"1"," 1st Qu.:1.00    "
"1"," 1st Qu.:1.0     "
"1","
"
"1",""
"1","    NUMADULT     "
"1","     NUMMEN      "
"1","    NUMWOMEN     "
"1","    SAFETIME     "
"1","    CTELNUM1     "
"1","    CELLFON5     "
"1","     CADULT      "
"1","    PVTRESD3     "
"1","
"
"1"," Min.   : 1.00   "
"1"," Min.   : 0.00   "
"1"," Min.   : 0.00   "
"1"," Min.   :1       "
"1"," Min.   :1       "
"1"," Min.   :1       "
"1"," Min.   :1.00    "
"1"," Min.   :1       "
"1","
"
"1"," 1st Qu.: 1.00   "
"1"," 1st Qu.: 0.00   "
"1"," 1st Qu.: 1.00   "
"1"," 1st Qu.:1       "
"1"," 1st Qu.:1       "
"1"," 1st Qu.:1       "
"1"," 1st Qu.:1.00    "
"1"," 1st Qu.:1       "
"1","
"
"1",""
"1","    CCLGHOUS     "
"1","    CSTATE1      "
"1","    LANDLINE     "
"1","    HHADULT      "
"1","    GENHLTH     "
"1","    PHYSHLTH    "
"1","    MENTHLTH    "
"1","    POORHLTH     "
"1","
"
"1"," Min.   :1       "
"1"," Min.   :1.00    "
"1"," Min.   :1.00    "
"1"," Min.   : 1.00   "
"1"," Min.   :1.000  "
"1"," Min.   : 1.00  "
"1"," Min.   : 1.00  "
"1"," Min.   : 1.00   "
"1","
"
"1"," 1st Qu.:1       "
"1"," 1st Qu.:1.00    "
"1"," 1st Qu.:1.00    "
"1"," 1st Qu.: 2.00   "
"1"," 1st Qu.:2.000  "
"1"," 1st Qu.:15.00  "
"1"," 1st Qu.:20.00  "
"1"," 1st Qu.:10.00   "
"1","
"
"1",""
"1","    HLTHPLN1    "
"1","    PERSDOC2    "
"1","    MEDCOST    "
"1","    CHECKUP1    "
"1","    BPHIGH4     "
"1","     BPMEDS      "
"1","    CHOLCHK1    "
"1","    TOLDHI2     "
"1","
"
"1"," Min.   :1.000  "
"1"," Min.   :1.000  "
"1"," Min.   :1.00  "
"1"," Min.   :1.000  "
"1"," Min.   :1.000  "
"1"," Min.   :1.00    "
"1"," Min.   :1.000  "
"1"," Min.   :1.000  "
"1","
"
"1"," 1st Qu.:1.000  "
"1"," 1st Qu.:1.000  "
"1"," 1st Qu.:2.00  "
"1"," 1st Qu.:1.000  "
"1"," 1st Qu.:1.000  "
"1"," 1st Qu.:1.00    "
"1"," 1st Qu.:2.000  "
"1"," 1st Qu.:1.000  "
"1","
"
"1",""
"1","    CHOLMED1     "
"1","    CVDINFR4    "
"1","    CVDCRHD4    "
"1","    CVDSTRK3    "
"1","    ASTHMA3     "
"1","    ASTHNOW      "
"1","    CHCSCNCR    "
"1","    CHCOCNCR    "
"1","
"
"1"," Min.   :1.00    "
"1"," Min.   :1.000  "
"1"," Min.   :1.000  "
"1"," Min.   :1.000  "
"1"," Min.   :1.000  "
"1"," Min.   :1.0     "
"1"," Min.   :1.000  "
"1"," Min.   :1.000  "
"1","
"
"1"," 1st Qu.:1.00    "
"1"," 1st Qu.:2.000  "
"1"," 1st Qu.:2.000  "
"1"," 1st Qu.:2.000  "
"1"," 1st Qu.:2.000  "
"1"," 1st Qu.:1.0     "
"1"," 1st Qu.:2.000  "
"1"," 1st Qu.:2.000  "
"1","
"
"1",""
"1","    CHCCOPD1    "
"1","    HAVARTH3    "
"1","    ADDEPEV2    "
"1","    CHCKIDNY    "
"1","    DIABETE3   "
"1","    DIABAGE2     "
"1","    LMTJOIN3     "
"1","    ARTHDIS2     "
"1","
"
"1"," Min.   :1.000  "
"1"," Min.   :1.000  "
"1"," Min.   :1.000  "
"1"," Min.   :1.000  "
"1"," Min.   :1.00  "
"1"," Min.   : 1.0    "
"1"," Min.   :1.00    "
"1"," Min.   :1.00    "
"1","
"
"1"," 1st Qu.:2.000  "
"1"," 1st Qu.:1.000  "
"1"," 1st Qu.:2.000  "
"1"," 1st Qu.:2.000  "
"1"," 1st Qu.:3.00  "
"1"," 1st Qu.:43.0    "
"1"," 1st Qu.:1.00    "
"1"," 1st Qu.:1.00    "
"1","
"
"1",""
"1","    ARTHSOCL     "
"1","    JOINPAI1     "
"1","      SEX       "
"1","    MARITAL     "
"1","     EDUCA      "
"1","    RENTHOM1    "
"1","    NUMHHOL2     "
"1","    NUMPHON2     "
"1","
"
"1"," Min.   :1.00    "
"1"," Min.   : 0.00   "
"1"," Min.   :1.000  "
"1"," Min.   :1.000  "
"1"," Min.   :1.000  "
"1"," Min.   :1.000  "
"1"," Min.   :1.00    "
"1"," Min.   :1.0     "
"1","
"
"1"," 1st Qu.:2.00    "
"1"," 1st Qu.: 2.00   "
"1"," 1st Qu.:1.000  "
"1"," 1st Qu.:1.000  "
"1"," 1st Qu.:4.000  "
"1"," 1st Qu.:1.000  "
"1"," 1st Qu.:2.00    "
"1"," 1st Qu.:1.0     "
"1","
"
"1",""
"1","    CPDEMO1A     "
"1","    VETERAN3    "
"1","    EMPLOY1     "
"1","    CHILDREN    "
"1","    INCOME2     "
"1","    INTERNET    "
"1","    WEIGHT2      "
"1","    HEIGHT3      "
"1","
"
"1"," Min.   :1.00    "
"1"," Min.   :1.000  "
"1"," Min.   :1.000  "
"1"," Min.   : 1.00  "
"1"," Min.   : 1.00  "
"1"," Min.   :1.000  "
"1"," Min.   :  50.0  "
"1"," Min.   : 201.0  "
"1","
"
"1"," 1st Qu.:1.00    "
"1"," 1st Qu.:2.000  "
"1"," 1st Qu.:1.000  "
"1"," 1st Qu.: 4.00  "
"1"," 1st Qu.: 5.00  "
"1"," 1st Qu.:1.000  "
"1"," 1st Qu.: 150.0  "
"1"," 1st Qu.: 504.0  "
"1","
"
"1",""
"1","    PREGNANT     "
"1","      DEAF      "
"1","     BLIND      "
"1","     DECIDE     "
"1","    DIFFWALK    "
"1","    DIFFDRES    "
"1","    DIFFALON    "
"1","    SMOKE100    "
"1","
"
"1"," Min.   :1       "
"1"," Min.   :1.000  "
"1"," Min.   :1.000  "
"1"," Min.   :1.000  "
"1"," Min.   :1.000  "
"1"," Min.   :1.000  "
"1"," Min.   :1.000  "
"1"," Min.   :1.000  "
"1","
"
"1"," 1st Qu.:2       "
"1"," 1st Qu.:2.000  "
"1"," 1st Qu.:2.000  "
"1"," 1st Qu.:2.000  "
"1"," 1st Qu.:2.000  "
"1"," 1st Qu.:2.000  "
"1"," 1st Qu.:2.000  "
"1"," 1st Qu.:1.000  "
"1","
"
"1",""
"1","    SMOKDAY2     "
"1","    STOPSMK2     "
"1","    LASTSMK2     "
"1","    USENOW3     "
"1","    ECIGARET    "
"1","    ECIGNOW      "
"1","    ALCDAY5     "
"1","    AVEDRNK2     "
"1","
"
"1"," Min.   :1.00    "
"1"," Min.   :1.0     "
"1"," Min.   : 1.0    "
"1"," Min.   :1.000  "
"1"," Min.   :1.000  "
"1"," Min.   :1.0     "
"1"," Min.   :101.0  "
"1"," Min.   : 1.00   "
"1","
"
"1"," 1st Qu.:2.00    "
"1"," 1st Qu.:1.0     "
"1"," 1st Qu.: 6.0    "
"1"," 1st Qu.:3.000  "
"1"," 1st Qu.:2.000  "
"1"," 1st Qu.:3.0     "
"1"," 1st Qu.:202.0  "
"1"," 1st Qu.: 1.00   "
"1","
"
"1",""
"1","    DRNK3GE5     "
"1","    MAXDRNKS     "
"1","     FRUIT2     "
"1","    FRUITJU2    "
"1","    FVGREEN1    "
"1","    FRENCHF1    "
"1","    POTATOE1    "
"1","    VEGETAB2    "
"1","
"
"1"," Min.   : 1.00   "
"1"," Min.   : 1.00   "
"1"," Min.   :101.0  "
"1"," Min.   :101    "
"1"," Min.   :101.0  "
"1"," Min.   :101.0  "
"1"," Min.   :101.0  "
"1"," Min.   :101.0  "
"1","
"
"1"," 1st Qu.:30.00   "
"1"," 1st Qu.: 1.00   "
"1"," 1st Qu.:101.0  "
"1"," 1st Qu.:202    "
"1"," 1st Qu.:201.0  "
"1"," 1st Qu.:202.0  "
"1"," 1st Qu.:202.0  "
"1"," 1st Qu.:101.0  "
"1","
"
"1",""
"1","    EXERANY2    "
"1","    EXRACT11     "
"1","    EXEROFT1     "
"1","    EXERHMM1     "
"1","    EXRACT21     "
"1","    EXEROFT2     "
"1","    EXERHMM2     "
"1","    STRENGTH    "
"1","
"
"1"," Min.   :1.00   "
"1"," Min.   : 1.00   "
"1"," Min.   :101.0   "
"1"," Min.   :  1.0   "
"1"," Min.   : 1.00   "
"1"," Min.   :101.0   "
"1"," Min.   :  1.0   "
"1"," Min.   :101.0  "
"1","
"
"1"," 1st Qu.:1.00   "
"1"," 1st Qu.:37.00   "
"1"," 1st Qu.:103.0   "
"1"," 1st Qu.: 30.0   "
"1"," 1st Qu.:54.00   "
"1"," 1st Qu.:102.0   "
"1"," 1st Qu.: 30.0   "
"1"," 1st Qu.:107.0  "
"1","
"
"1",""
"1","    SEATBELT    "
"1","    FLUSHOT6    "
"1","    FLSHTMY2     "
"1","    PNEUVAC3    "
"1","    SHINGLE2     "
"1","    HIVTST6     "
"1","    HIVTSTD3     "
"1","    HIVRISK5    "
"1","
"
"1"," Min.   :1.00   "
"1"," Min.   :1.00   "
"1"," Min.   : 12016  "
"1"," Min.   :1.00   "
"1"," Min.   :1.00    "
"1"," Min.   :1.00   "
"1"," Min.   : 11985  "
"1"," Min.   :1.00   "
"1","
"
"1"," 1st Qu.:1.00   "
"1"," 1st Qu.:1.00   "
"1"," 1st Qu.: 92017  "
"1"," 1st Qu.:1.00   "
"1"," 1st Qu.:1.00    "
"1"," 1st Qu.:1.00   "
"1"," 1st Qu.: 62006  "
"1"," 1st Qu.:2.00   "
"1","
"
"1",""
"1","    PDIABTST     "
"1","    PREDIAB1     "
"1","    INSULIN      "
"1","    BLDSUGAR     "
"1","    FEETCHK2     "
"1","    DOCTDIAB     "
"1","    CHKHEMO3     "
"1","    FEETCHK      "
"1","
"
"1"," Min.   :1.00    "
"1"," Min.   :1.00    "
"1"," Min.   :1.0     "
"1"," Min.   :101.0   "
"1"," Min.   :101.0   "
"1"," Min.   : 1.0    "
"1"," Min.   : 1      "
"1"," Min.   : 1.0    "
"1","
"
"1"," 1st Qu.:1.00    "
"1"," 1st Qu.:3.00    "
"1"," 1st Qu.:1.0     "
"1"," 1st Qu.:101.0   "
"1"," 1st Qu.:101.0   "
"1"," 1st Qu.: 2.0    "
"1"," 1st Qu.: 2      "
"1"," 1st Qu.: 2.0    "
"1","
"
"1",""
"1","    EYEEXAM      "
"1","    DIABEYE      "
"1","    DIABEDU      "
"1","    COPDCOGH     "
"1","    COPDFLEM     "
"1","    COPDBRTH     "
"1","    COPDBTST     "
"1","    COPDSMOK     "
"1","
"
"1"," Min.   :1.0     "
"1"," Min.   :1.0     "
"1"," Min.   :1.0     "
"1"," Min.   :1.0     "
"1"," Min.   :1.0     "
"1"," Min.   :1.0     "
"1"," Min.   :1.0     "
"1"," Min.   : 1.0    "
"1","
"
"1"," 1st Qu.:2.0     "
"1"," 1st Qu.:2.0     "
"1"," 1st Qu.:1.0     "
"1"," 1st Qu.:2.0     "
"1"," 1st Qu.:2.0     "
"1"," 1st Qu.:1.0     "
"1"," 1st Qu.:1.0     "
"1"," 1st Qu.:20.0    "
"1","
"
"1",""
"1","    HAREHAB1     "
"1","    STREHAB1     "
"1","    CVDASPRN     "
"1","    ASPUNSAF     "
"1","    RLIVPAIN     "
"1","    RDUCHART     "
"1","    RDUCSTRK     "
"1","    BPEATHBT     "
"1","
"
"1"," Min.   :1.0     "
"1"," Min.   :1.0     "
"1"," Min.   :1.0     "
"1"," Min.   :1.0     "
"1"," Min.   :1.0     "
"1"," Min.   :1.0     "
"1"," Min.   :1.0     "
"1"," Min.   :1.0     "
"1","
"
"1"," 1st Qu.:1.0     "
"1"," 1st Qu.:1.0     "
"1"," 1st Qu.:1.0     "
"1"," 1st Qu.:3.0     "
"1"," 1st Qu.:2.0     "
"1"," 1st Qu.:1.0     "
"1"," 1st Qu.:1.0     "
"1"," 1st Qu.:1.0     "
"1","
"
"1",""
"1","     BPSALT      "
"1","    BPALCHOL     "
"1","     BPEXER      "
"1","    BPEATADV     "
"1","    BPSLTADV     "
"1","    BPALCADV     "
"1","    BPEXRADV     "
"1","    BPMEDADV     "
"1","
"
"1"," Min.   :1.0     "
"1"," Min.   :1.0     "
"1"," Min.   :1.0     "
"1"," Min.   :1.0     "
"1"," Min.   :1.0     "
"1"," Min.   :1.0     "
"1"," Min.   :1.0     "
"1"," Min.   :1.0     "
"1","
"
"1"," 1st Qu.:1.0     "
"1"," 1st Qu.:1.0     "
"1"," 1st Qu.:1.0     "
"1"," 1st Qu.:1.0     "
"1"," 1st Qu.:1.0     "
"1"," 1st Qu.:2.0     "
"1"," 1st Qu.:1.0     "
"1"," 1st Qu.:1.0     "
"1","
"
"1",""
"1","    BPHI2MR      "
"1","    ARTTODAY     "
"1","    ARTHWGT      "
"1","    ARTHEXER     "
"1","    ARTHEDU      "
"1","    ASTHMAGE     "
"1","    ASATTACK     "
"1","    ASERVIST     "
"1","
"
"1"," Min.   :1.0     "
"1"," Min.   :1.0     "
"1"," Min.   :1.0     "
"1"," Min.   :1.0     "
"1"," Min.   :1.0     "
"1"," Min.   :11.0    "
"1"," Min.   :1.0     "
"1"," Min.   : 1.0    "
"1","
"
"1"," 1st Qu.:1.0     "
"1"," 1st Qu.:2.0     "
"1"," 1st Qu.:1.0     "
"1"," 1st Qu.:1.0     "
"1"," 1st Qu.:2.0     "
"1"," 1st Qu.:30.0    "
"1"," 1st Qu.:1.0     "
"1"," 1st Qu.: 2.0    "
"1","
"
"1",""
"1","    ASDRVIST     "
"1","    ASRCHKUP     "
"1","    ASACTLIM     "
"1","    ASYMPTOM     "
"1","    ASNOSLEP     "
"1","    ASTHMED3     "
"1","    ASINHALR     "
"1","    PAINACT2     "
"1","
"
"1"," Min.   : 1.0    "
"1"," Min.   : 1.0    "
"1"," Min.   :  1.0   "
"1"," Min.   :1.0     "
"1"," Min.   :1.0     "
"1"," Min.   :1.0     "
"1"," Min.   :1.0     "
"1"," Min.   : NA     "
"1","
"
"1"," 1st Qu.: 2.0    "
"1"," 1st Qu.: 1.2    "
"1"," 1st Qu.:777.0   "
"1"," 1st Qu.:2.0     "
"1"," 1st Qu.:2.0     "
"1"," 1st Qu.:3.0     "
"1"," 1st Qu.:1.0     "
"1"," 1st Qu.: NA     "
"1","
"
"1",""
"1","    QLMENTL2     "
"1","    QLSTRES2     "
"1","    QLHLTH2      "
"1","    SLEPTIM1     "
"1","    ADSLEEP      "
"1","    SLEPDAY1     "
"1","    SLEPSNO2     "
"1","    SLEPBRTH     "
"1","
"
"1"," Min.   : NA     "
"1"," Min.   : NA     "
"1"," Min.   : NA     "
"1"," Min.   : 1      "
"1"," Min.   : 1.0    "
"1"," Min.   : 1.0    "
"1"," Min.   :1.0     "
"1"," Min.   :1.0     "
"1","
"
"1"," 1st Qu.: NA     "
"1"," 1st Qu.: NA     "
"1"," 1st Qu.: NA     "
"1"," 1st Qu.: 6      "
"1"," 1st Qu.: 5.0    "
"1"," 1st Qu.:88.0    "
"1"," 1st Qu.:1.0     "
"1"," 1st Qu.:2.0     "
"1","
"
"1",""
"1","    MEDICARE     "
"1","    HLTHCVR1     "
"1","    DELAYMED     "
"1","   DLYOTHER        "
"1","    NOCOV121     "
"1","    LSTCOVRG     "
"1","    DRVISITS     "
"1","    MEDSCOS1     "
"1","
"
"1"," Min.   :1.0     "
"1"," Min.   : 1.0    "
"1"," Min.   :1.0     "
"1"," Length:450016     "
"1"," Min.   :1       "
"1"," Min.   :1.0     "
"1"," Min.   : 1.0    "
"1"," Min.   :1       "
"1","
"
"1"," 1st Qu.:1.0     "
"1"," 1st Qu.: 1.0    "
"1"," 1st Qu.:8.0     "
"1"," Class :character  "
"1"," 1st Qu.:2       "
"1"," 1st Qu.:2.0     "
"1"," 1st Qu.: 2.0    "
"1"," 1st Qu.:2       "
"1","
"
"1",""
"1","    CARERCVD     "
"1","    MEDBILL1     "
"1","    ASBIALCH     "
"1","    ASBIDRNK     "
"1","    ASBIBING     "
"1","    ASBIADVC     "
"1","    ASBIRDUC     "
"1","    CNCRDIFF     "
"1","
"
"1"," Min.   :1.0     "
"1"," Min.   :1.0     "
"1"," Min.   :1.0     "
"1"," Min.   :1.0     "
"1"," Min.   :1.0     "
"1"," Min.   :1       "
"1"," Min.   :1       "
"1"," Min.   :1.0     "
"1","
"
"1"," 1st Qu.:1.0     "
"1"," 1st Qu.:2.0     "
"1"," 1st Qu.:1.0     "
"1"," 1st Qu.:1.0     "
"1"," 1st Qu.:1.0     "
"1"," 1st Qu.:2       "
"1"," 1st Qu.:2       "
"1"," 1st Qu.:1.0     "
"1","
"
"1",""
"1","    CNCRAGE      "
"1","    CNCRTYP1     "
"1","    CSRVTRT2     "
"1","    CSRVDOC1     "
"1","    CSRVSUM      "
"1","    CSRVRTRN     "
"1","    CSRVINST     "
"1","    CSRVINSR     "
"1","
"
"1"," Min.   : 1.0    "
"1"," Min.   : 1.0    "
"1"," Min.   :1.0     "
"1"," Min.   : 1.0    "
"1"," Min.   :1.0     "
"1"," Min.   :1.0     "
"1"," Min.   :1.0     "
"1"," Min.   :1.0     "
"1","
"
"1"," 1st Qu.:47.0    "
"1"," 1st Qu.:10.0    "
"1"," 1st Qu.:2.0     "
"1"," 1st Qu.: 2.0    "
"1"," 1st Qu.:1.0     "
"1"," 1st Qu.:1.0     "
"1"," 1st Qu.:1.0     "
"1"," 1st Qu.:1.0     "
"1","
"
"1",""
"1","    CSRVDEIN     "
"1","    CSRVCLIN     "
"1","    CSRVPAIN     "
"1","    CSRVCTL1     "
"1","    SSBSUGR2     "
"1","    SSBFRUT3     "
"1","    WTCHSALT     "
"1","    DRADVISE     "
"1","
"
"1"," Min.   :1       "
"1"," Min.   :1       "
"1"," Min.   :1.0     "
"1"," Min.   :1.0     "
"1"," Min.   :101.0   "
"1"," Min.   :101.0   "
"1"," Min.   :1.0     "
"1"," Min.   :1.0     "
"1","
"
"1"," 1st Qu.:2       "
"1"," 1st Qu.:2       "
"1"," 1st Qu.:2.0     "
"1"," 1st Qu.:1.0     "
"1"," 1st Qu.:203.0   "
"1"," 1st Qu.:301.0   "
"1"," 1st Qu.:1.0     "
"1"," 1st Qu.:1.0     "
"1","
"
"1",""
"1","    MARIJANA     "
"1","    USEMRJN1     "
"1","    RSNMRJNA     "
"1","    PFPPRVN2     "
"1","    TYPCNTR7     "
"1","    NOBCUSE6     "
"1","    IMFVPLAC     "
"1","    HPVADVC2     "
"1","
"
"1"," Min.   : 1.0    "
"1"," Min.   :1.0     "
"1"," Min.   :1.0     "
"1"," Min.   :1       "
"1"," Min.   : 1.0    "
"1"," Min.   : 1      "
"1"," Min.   : 1.0    "
"1"," Min.   :1.0     "
"1","
"
"1"," 1st Qu.:88.0    "
"1"," 1st Qu.:1.0     "
"1"," 1st Qu.:1.0     "
"1"," 1st Qu.:1       "
"1"," 1st Qu.: 4.0    "
"1"," 1st Qu.: 9      "
"1"," 1st Qu.: 1.0    "
"1"," 1st Qu.:2.0     "
"1","
"
"1",""
"1","    HPVADSHT     "
"1","    TETANUS      "
"1","    LCSFIRST     "
"1","    LCSLAST      "
"1","    LCSNUMCG     "
"1","    LCSCTSCN     "
"1","    CAREGIV1     "
"1","    CRGVREL2     "
"1","
"
"1"," Min.   : 1.0    "
"1"," Min.   :1.0     "
"1"," Min.   :  1.0   "
"1"," Min.   : 10.0   "
"1"," Min.   :  1     "
"1"," Min.   :1.0     "
"1"," Min.   :1.0     "
"1"," Min.   : 1.0    "
"1","
"
"1"," 1st Qu.: 2.0    "
"1"," 1st Qu.:2.0     "
"1"," 1st Qu.: 15.0   "
"1"," 1st Qu.: 30.0   "
"1"," 1st Qu.: 10     "
"1"," 1st Qu.:2.0     "
"1"," 1st Qu.:2.0     "
"1"," 1st Qu.: 2.0    "
"1","
"
"1",""
"1","    CRGVLNG1     "
"1","    CRGVHRS1     "
"1","    CRGVPRB2     "
"1","    CRGVPERS     "
"1","    CRGVHOUS     "
"1","    CRGVMST2     "
"1","    CRGVEXPT     "
"1","    CIMEMLOS     "
"1","
"
"1"," Min.   :1.0     "
"1"," Min.   :1.0     "
"1"," Min.   : 1.0    "
"1"," Min.   :1.0     "
"1"," Min.   :1.0     "
"1"," Min.   :1.0     "
"1"," Min.   :1.0     "
"1"," Min.   :1.0     "
"1","
"
"1"," 1st Qu.:2.0     "
"1"," 1st Qu.:1.0     "
"1"," 1st Qu.: 5.0    "
"1"," 1st Qu.:1.0     "
"1"," 1st Qu.:1.0     "
"1"," 1st Qu.:6.0     "
"1"," 1st Qu.:2.0     "
"1"," 1st Qu.:2.0     "
"1","
"
"1",""
"1","    CDHOUSE      "
"1","    CDASSIST     "
"1","     CDHELP      "
"1","    CDSOCIAL     "
"1","    CDDISCUS     "
"1","    EMTSUPRT     "
"1","    LSATISFY     "
"1","    SDHBILLS     "
"1","
"
"1"," Min.   :1.0     "
"1"," Min.   :1       "
"1"," Min.   :1.0     "
"1"," Min.   :1       "
"1"," Min.   :1.0     "
"1"," Min.   :1.0     "
"1"," Min.   :1.0     "
"1"," Min.   :1.0     "
"1","
"
"1"," 1st Qu.:3.0     "
"1"," 1st Qu.:3       "
"1"," 1st Qu.:1.0     "
"1"," 1st Qu.:3       "
"1"," 1st Qu.:1.0     "
"1"," 1st Qu.:1.0     "
"1"," 1st Qu.:1.0     "
"1"," 1st Qu.:2.0     "
"1","
"
"1",""
"1","    SDHMOVE      "
"1","    HOWSAFE1     "
"1","    SDHFOOD      "
"1","    SDHMEALS     "
"1","    SDHMONEY     "
"1","    SDHSTRES     "
"1","    SXORIENT     "
"1","    TRNSGNDR     "
"1","
"
"1"," Min.   : 1.0    "
"1"," Min.   :1.0     "
"1"," Min.   :1.0     "
"1"," Min.   :1.0     "
"1"," Min.   :1.0     "
"1"," Min.   :1       "
"1"," Min.   :1.00    "
"1"," Min.   :1.00    "
"1","
"
"1"," 1st Qu.:88.0    "
"1"," 1st Qu.:1.0     "
"1"," 1st Qu.:3.0     "
"1"," 1st Qu.:3.0     "
"1"," 1st Qu.:1.0     "
"1"," 1st Qu.:1       "
"1"," 1st Qu.:1.00    "
"1"," 1st Qu.:4.00    "
"1","
"
"1",""
"1","    FIREARM4     "
"1","    GUNLOAD      "
"1","    LOADULK2     "
"1","    RCSGENDR     "
"1","    RCSRLTN2     "
"1","    CASTHDX2     "
"1","    CASTHNO2     "
"1","     QSTVER     "
"1","
"
"1"," Min.   :1       "
"1"," Min.   :1.0     "
"1"," Min.   :1.0     "
"1"," Min.   :1.0     "
"1"," Min.   :1.0     "
"1"," Min.   :1.0     "
"1"," Min.   :1.0     "
"1"," Min.   :10.00  "
"1","
"
"1"," 1st Qu.:1       "
"1"," 1st Qu.:1.0     "
"1"," 1st Qu.:1.0     "
"1"," 1st Qu.:1.0     "
"1"," 1st Qu.:1.0     "
"1"," 1st Qu.:2.0     "
"1"," 1st Qu.:1.0     "
"1"," 1st Qu.:10.00  "
"1","
"
"1",""
"1","    QSTLANG     "
"1","     MSCODE      "
"1","     _STSTR      "
"1","     _STRWT        "
"1","    _RAWRAKE     "
"1","    _WT2RAKE        "
"1","    _IMPRACE   "
"1","    _CHISPNC     "
"1","
"
"1"," Min.   :1.000  "
"1"," Min.   :1.00    "
"1"," Min.   : 11011  "
"1"," Min.   :4.00e-01  "
"1"," Min.   :0.3333  "
"1"," Min.   :      0.2  "
"1"," Min.   :1.00  "
"1"," Min.   :1.00    "
"1","
"
"1"," 1st Qu.:1.000  "
"1"," 1st Qu.:1.00    "
"1"," 1st Qu.:172019  "
"1"," 1st Qu.:1.59e+01  "
"1"," 1st Qu.:1.0000  "
"1"," 1st Qu.:     20.1  "
"1"," 1st Qu.:1.00  "
"1"," 1st Qu.:9.00    "
"1","
"
"1",""
"1","    _CRACE1      "
"1","    _CPRACE      "
"1","    _CLLCPWT      "
"1","    _DUALUSE    "
"1","    _DUALCOR     "
"1","    _LLCPWT2        "
"1","    _LLCPWT        "
"1","    _RFHLTH     "
"1","
"
"1"," Min.   : 1.0    "
"1"," Min.   : 1.0    "
"1"," Min.   :    8.8  "
"1"," Min.   :1.000  "
"1"," Min.   :0.00    "
"1"," Min.   :    5.281  "
"1"," Min.   :    0.13  "
"1"," Min.   :1.000  "
"1","
"
"1"," 1st Qu.: 1.0    "
"1"," 1st Qu.: 1.0    "
"1"," 1st Qu.:  114.1  "
"1"," 1st Qu.:1.000  "
"1"," 1st Qu.:0.44    "
"1"," 1st Qu.:  116.412  "
"1"," 1st Qu.:   91.50  "
"1"," 1st Qu.:1.000  "
"1","
"
"1",""
"1","    _PHYS14D    "
"1","    _MENT14D    "
"1","    _HCVU651    "
"1","    _RFHYPE5    "
"1","    _CHOLCH1    "
"1","    _RFCHOL1    "
"1","     _MICHD     "
"1","    _LTASTH1    "
"1","
"
"1"," Min.   :1.000  "
"1"," Min.   :1.000  "
"1"," Min.   :1.000  "
"1"," Min.   :1.000  "
"1"," Min.   :1.000  "
"1"," Min.   :1.00   "
"1"," Min.   :1.000  "
"1"," Min.   :1.000  "
"1","
"
"1"," 1st Qu.:1.000  "
"1"," 1st Qu.:1.000  "
"1"," 1st Qu.:1.000  "
"1"," 1st Qu.:1.000  "
"1"," 1st Qu.:1.000  "
"1"," 1st Qu.:1.00   "
"1"," 1st Qu.:2.000  "
"1"," 1st Qu.:1.000  "
"1","
"
"1",""
"1","    _CASTHM1    "
"1","    _ASTHMS1    "
"1","    _DRDXAR1    "
"1","    _LMTACT1    "
"1","    _LMTWRK1    "
"1","    _LMTSCL1    "
"1","    _PRACE1      "
"1","    _MRACE1      "
"1","
"
"1"," Min.   :1.000  "
"1"," Min.   :1.000  "
"1"," Min.   :1.000  "
"1"," Min.   :1.000  "
"1"," Min.   :1.000  "
"1"," Min.   :1.000  "
"1"," Min.   : 1.000  "
"1"," Min.   : 1.000  "
"1","
"
"1"," 1st Qu.:1.000  "
"1"," 1st Qu.:3.000  "
"1"," 1st Qu.:1.000  "
"1"," 1st Qu.:2.000  "
"1"," 1st Qu.:2.000  "
"1"," 1st Qu.:3.000  "
"1"," 1st Qu.: 1.000  "
"1"," 1st Qu.: 1.000  "
"1","
"
"1",""
"1","    _HISPANC    "
"1","     _RACE      "
"1","    _RACEG21    "
"1","    _RACEGR3    "
"1","    _RACE_G1    "
"1","    _AGEG5YR     "
"1","    _AGE65YR    "
"1","     _AGE80     "
"1","
"
"1"," Min.   :1.000  "
"1"," Min.   :1.000  "
"1"," Min.   :1.000  "
"1"," Min.   :1.000  "
"1"," Min.   :1.000  "
"1"," Min.   : 1.000  "
"1"," Min.   :1.000  "
"1"," Min.   :18.00  "
"1","
"
"1"," 1st Qu.:2.000  "
"1"," 1st Qu.:1.000  "
"1"," 1st Qu.:1.000  "
"1"," 1st Qu.:1.000  "
"1"," 1st Qu.:1.000  "
"1"," 1st Qu.: 5.000  "
"1"," 1st Qu.:1.000  "
"1"," 1st Qu.:42.00  "
"1","
"
"1",""
"1","     _AGE_G     "
"1","     HTIN4      "
"1","      HTM4      "
"1","     WTKG3      "
"1","     _BMI5      "
"1","    _BMI5CAT    "
"1","    _RFBMI5     "
"1","    _CHLDCNT    "
"1","
"
"1"," Min.   :1.000  "
"1"," Min.   :36.00  "
"1"," Min.   : 91.0  "
"1"," Min.   : 2268  "
"1"," Min.   :1201   "
"1"," Min.   :1.00   "
"1"," Min.   :1.000  "
"1"," Min.   :1.000  "
"1","
"
"1"," 1st Qu.:3.000  "
"1"," 1st Qu.:64.00  "
"1"," 1st Qu.:163.0  "
"1"," 1st Qu.: 6759  "
"1"," 1st Qu.:2389   "
"1"," 1st Qu.:2.00   "
"1"," 1st Qu.:1.000  "
"1"," 1st Qu.:1.000  "
"1","
"
"1",""
"1","    _EDUCAG     "
"1","    _INCOMG     "
"1","    _SMOKER3    "
"1","    _RFSMOK3    "
"1","    _ECIGSTS   "
"1","    _CURECIG    "
"1","    DRNKANY5    "
"1","    DROCDY3_     "
"1","
"
"1"," Min.   :1.000  "
"1"," Min.   :1.000  "
"1"," Min.   :1.000  "
"1"," Min.   :1.000  "
"1"," Min.   :1.00  "
"1"," Min.   :1.000  "
"1"," Min.   :1.000  "
"1"," Min.   :  0.00  "
"1","
"
"1"," 1st Qu.:2.000  "
"1"," 1st Qu.:3.000  "
"1"," 1st Qu.:3.000  "
"1"," 1st Qu.:1.000  "
"1"," 1st Qu.:4.00  "
"1"," 1st Qu.:1.000  "
"1"," 1st Qu.:1.000  "
"1"," 1st Qu.:  0.00  "
"1","
"
"1",""
"1","    _RFBING5    "
"1","    _DRNKWEK    "
"1","    _RFDRHV5    "
"1","    FTJUDA2_      "
"1","    FRUTDA2_     "
"1","    GRENDA1_      "
"1","    FRNCHDA_      "
"1","    POTADA1_      "
"1","
"
"1"," Min.   :1.000  "
"1"," Min.   :    0  "
"1"," Min.   :1.000  "
"1"," Min.   :   0.00  "
"1"," Min.   :   0.0  "
"1"," Min.   :   0.00  "
"1"," Min.   :   0.00  "
"1"," Min.   :   0.00  "
"1","
"
"1"," 1st Qu.:1.000  "
"1"," 1st Qu.:    0  "
"1"," 1st Qu.:1.000  "
"1"," 1st Qu.:   0.00  "
"1"," 1st Qu.:  43.0  "
"1"," 1st Qu.:  14.00  "
"1"," 1st Qu.:   3.00  "
"1"," 1st Qu.:   7.00  "
"1","
"
"1",""
"1","    VEGEDA2_    "
"1","    _MISFRT1     "
"1","    _MISVEG1     "
"1","    _FRTRES1     "
"1","    _VEGRES1     "
"1","    _FRUTSU1      "
"1","    _VEGESU1      "
"1","    _FRTLT1A    "
"1","
"
"1"," Min.   :   0   "
"1"," Min.   :0.0000  "
"1"," Min.   :0.0000  "
"1"," Min.   :0.0000  "
"1"," Min.   :0.0000  "
"1"," Min.   :    0.0  "
"1"," Min.   :    0.0  "
"1"," Min.   :1.000  "
"1","
"
"1"," 1st Qu.:  43   "
"1"," 1st Qu.:0.0000  "
"1"," 1st Qu.:0.0000  "
"1"," 1st Qu.:1.0000  "
"1"," 1st Qu.:1.0000  "
"1"," 1st Qu.:   57.0  "
"1"," 1st Qu.:  119.0  "
"1"," 1st Qu.:1.000  "
"1","
"
"1",""
"1","    _VEGLT1A    "
"1","    _FRT16A      "
"1","    _VEG23A      "
"1","    _FRUITE1      "
"1","    _VEGETE1      "
"1","    _TOTINDA    "
"1","    METVL11_     "
"1","    METVL21_     "
"1","
"
"1"," Min.   :1.000  "
"1"," Min.   :0.0000  "
"1"," Min.   :0.0000  "
"1"," Min.   :0.00000  "
"1"," Min.   :0.00000  "
"1"," Min.   :1.000  "
"1"," Min.   :  0.00  "
"1"," Min.   :  0.00  "
"1","
"
"1"," 1st Qu.:1.000  "
"1"," 1st Qu.:1.0000  "
"1"," 1st Qu.:1.0000  "
"1"," 1st Qu.:0.00000  "
"1"," 1st Qu.:0.00000  "
"1"," 1st Qu.:1.000  "
"1"," 1st Qu.: 35.00  "
"1"," 1st Qu.:  0.00  "
"1","
"
"1",""
"1","    MAXVO2_     "
"1","     FC60_      "
"1","    ACTIN11_     "
"1","    ACTIN21_     "
"1","    PADUR1_      "
"1","    PADUR2_      "
"1","    PAFREQ1_     "
"1","    PAFREQ2_     "
"1","
"
"1"," Min.   :  555  "
"1"," Min.   :   95  "
"1"," Min.   :0.00    "
"1"," Min.   :0.00    "
"1"," Min.   :  1.00  "
"1"," Min.   :  1.00  "
"1"," Min.   :  233   "
"1"," Min.   :  233   "
"1","
"
"1"," 1st Qu.: 2247  "
"1"," 1st Qu.:  385  "
"1"," 1st Qu.:1.00    "
"1"," 1st Qu.:0.00    "
"1"," 1st Qu.: 30.00  "
"1"," 1st Qu.: 30.00  "
"1"," 1st Qu.: 2000   "
"1"," 1st Qu.: 1000   "
"1","
"
"1",""
"1","    _MINAC11      "
"1","    _MINAC21      "
"1","    STRFREQ_    "
"1","    PAMISS1_     "
"1","    PAMIN11_      "
"1","    PAMIN21_      "
"1","    PA1MIN_       "
"1","
"
"1"," Min.   :    0.0  "
"1"," Min.   :    0.0  "
"1"," Min.   :    0  "
"1"," Min.   :0.0000  "
"1"," Min.   :    0.0  "
"1"," Min.   :    0.0  "
"1"," Min.   :    0.0  "
"1","
"
"1"," 1st Qu.:   63.0  "
"1"," 1st Qu.:    0.0  "
"1"," 1st Qu.:    0  "
"1"," 1st Qu.:0.0000  "
"1"," 1st Qu.:   84.0  "
"1"," 1st Qu.:    0.0  "
"1"," 1st Qu.:  120.0  "
"1","
"
"1",""
"1","    PAVIG11_       "
"1","    PAVIG21_       "
"1","    PA1VIGM_      "
"1","    _PACAT1     "
"1","    _PAINDX1    "
"1","    _PA150R2   "
"1","    _PA300R2    "
"1","    _PA30021    "
"1","
"
"1"," Min.   :    0.00  "
"1"," Min.   :    0.00  "
"1"," Min.   :    0.0  "
"1"," Min.   :1.000  "
"1"," Min.   :1.000  "
"1"," Min.   :1.00  "
"1"," Min.   :1.000  "
"1"," Min.   :1.000  "
"1","
"
"1"," 1st Qu.:    0.00  "
"1"," 1st Qu.:    0.00  "
"1"," 1st Qu.:    0.0  "
"1"," 1st Qu.:1.000  "
"1"," 1st Qu.:1.000  "
"1"," 1st Qu.:1.00  "
"1"," 1st Qu.:1.000  "
"1"," 1st Qu.:1.000  "
"1","
"
"1",""
"1","    _PASTRNG   "
"1","    _PAREC1     "
"1","    _PASTAE1   "
"1","    _RFSEAT2    "
"1","    _RFSEAT3    "
"1","    _FLSHOT6     "
"1","    _PNEUMO2     "
"1","    _AIDTST3    "
"1","
"
"1"," Min.   :1.00  "
"1"," Min.   :1.000  "
"1"," Min.   :1.00  "
"1"," Min.   :1.000  "
"1"," Min.   :1.000  "
"1"," Min.   :1.00    "
"1"," Min.   :1.00    "
"1"," Min.   :1.00   "
"1","
"
"1"," 1st Qu.:1.00  "
"1"," 1st Qu.:2.000  "
"1"," 1st Qu.:2.00  "
"1"," 1st Qu.:1.000  "
"1"," 1st Qu.:1.000  "
"1"," 1st Qu.:1.00    "
"1"," 1st Qu.:1.00    "
"1"," 1st Qu.:1.00   "
"1","
"
"1"," [ reached getOption(""max.print"") -- omitted 5 rows ]
"
